{"en/contributing.md":{"created":1687257193.7005982},"en/download.md":{"created":1687257193.7437985},"en/index.md":{"created":1687257193.770467},"en/license.md":{"created":1687257193.799627},"en/help/search.md":{"created":1687257194.0581377},"en/projects/creators-api/index.md":{"created":1688889038.3535144},"en/projects/creators-api/contributing.md":{"created":1689157655.1188433},"en/projects/creators-api/setup.md":{"created":1689157655.1720018},"en/projects/creators-api/api/index.md":{"created":1689174566.1778007},"en/projects/creators-api/api/app.md":{"created":1689174566.209598},"en/projects/creators-api/api/config.md":{"created":1689208964.932323},"en/projects/creators-api/api/events.md":{"created":1689304395.1508527},"en/projects/creators-api/api/threading.md":{"created":1689311295.640901}}