{"en/contributing.md":{"created":1687257193.7005982},"en/download.md":{"created":1687257193.7437985},"en/index.md":{"created":1687257193.770467},"en/license.md":{"created":1687257193.799627},"en/help/search.md":{"created":1687257194.0581377},"en/projects/creators-api/index.md":{"created":1688889038.3535144}}