{"created":{"index":1691320701.1534672,"privacy":1691324518.713091,"terms":1691324915.4269407,"404":1691325057.403021,"cookie":1691331069.8135114,"disclaimer":1691331069.9364305,"contact":1691332321.4533343,"element":1691396850.1810656},"redirects":{},"deletions":{}}